<?xml version="1.0" encoding="UTF-8"?>

<!-- START SNIPPET: beans -->
<beans xmlns="http://www.springframework.org/schema/beans"  
xmlns:mvc="http://www.springframework.org/schema/mvc" 
xmlns:xsi="http://www.w3.org/2001/XMLSchema-instance"  
xmlns:jaxws="http://cxf.apache.org/jaxws"
xmlns:p="http://www.springframework.org/schema/p" 
xmlns:context="http://www.springframework.org/schema/context"  
xsi:schemaLocation="http://www.springframework.org/schema/beans http://www.springframework.org/schema/beans/spring-beans.xsd  
http://cxf.apache.org/jaxws http://cxf.apache.org/schemas/jaxws.xsd
http://www.springframework.org/schema/context http://www.springframework.org/schema/context/spring-context.xsd
http://www.springframework.org/schema/mvc      http://www.springframework.org/schema/mvc/spring-mvc.xsd">  

	<import resource="classpath:META-INF/cxf/cxf.xml" />
	<import resource="classpath:META-INF/cxf/cxf-extension-soap.xml" />
	<import resource="classpath:META-INF/cxf/cxf-servlet.xml" />
	
	<bean id="propertyConfigurer" class="org.springframework.beans.factory.config.PropertyPlaceholderConfigurer">
		<property name="locations">
			<list>
				<value>classpath*:server.properties</value>
			</list>
		</property>
	</bean>
	
	
	<bean id="soapServiceImpl" class="bsz.exch.core.SoapServiceImpl"></bean>

	<jaxws:endpoint id="soapService" implementor="#soapServiceImpl" address="/xml" />

	<bean id="meibo" class="org.apache.commons.dbcp.BasicDataSource">
		<property name="driverClassName"><value>${meibo.jdbc.driverClassName}</value></property>
		<property name="url"><value>${meibo.jdbc.url}</value></property>
		<property name="username"><value>${meibo.jdbc.username}</value></property>
		<property name="password"><value>${meibo.jdbc.password}</value></property>
		<property name="maxActive"><value>50</value></property>  
		<property name="maxIdle"><value>2</value></property>  
		<property name="maxWait"><value>3000</value></property>  
		<property name="removeAbandoned"><value>true</value></property>
		<property name="removeAbandonedTimeout"><value>30</value></property>  
	</bean>
	
	<bean id="wsdata" class="org.apache.commons.dbcp.BasicDataSource">
		<property name="driverClassName"><value>${wsdata.jdbc.driverClassName}</value></property>
		<property name="url"><value>${wsdata.jdbc.url}</value></property>
		<property name="username"><value>${wsdata.jdbc.username}</value></property>
		<property name="password"><value>${wsdata.jdbc.password}</value></property>
		<property name="maxActive"><value>50</value></property>  
		<property name="maxIdle"><value>2</value></property>  
		<property name="maxWait"><value>3000</value></property>  
		<property name="removeAbandoned"><value>true</value></property>
		<property name="removeAbandonedTimeout"><value>30</value></property>  
	</bean>
	
	 <bean id="wsjdbc" class="org.springframework.jdbc.core.JdbcTemplate" abstract="false"
        lazy-init="false" autowire="default" >
        <property name="dataSource">
            <ref bean="wsdata" />
        </property>
     </bean>
     
     <bean id="springListener" class="bsz.exch.core.SpringListener"></bean>
</beans>
<!-- END SNIPPET: beans -->